atm_iv,rr_25d,bf_25d,skew_slope,T,days,atm_iv_pct,rr_25d_pct,bf_25d_pct
1.3702052512741887,1.1199309942895372,0.6430563977523065,5.203418439987739,0.024657534246575342,9.0,137.02052512741886,111.99309942895373,64.30563977523065
1.1335830787445587,-1.7360070742847775,-0.2655795416021699,-3.097830957373293,0.11232876712328767,41.0,113.35830787445586,-173.60070742847776,-26.55795416021699
2.024818478751803,-1.1229623636537152,-0.36980847208475964,-2.511058923907472,0.36164383561643837,132.0,202.48184787518028,-112.29623636537151,-36.980847208475964
1.9868489799381328,-1.7858624814229234,-1.0939177392266712,-1.2362712156737232,0.6136986301369863,224.0,198.68489799381328,-178.58624814229233,-109.39177392266713
2.0469524424668784,-1.0416184157186934,-0.8969673038399,-0.7384877225356634,0.8657534246575342,316.0,204.69524424668782,-104.16184157186935,-89.69673038399
