comparison,t_stat,t_pval,f_stat,f_pval,dm_stat,dm_pval,var_benchmark,var_comparison,mean_abs_err_benchmark,mean_abs_err_comparison
SVI Surface vs Flat BSM,5.63711988354805,1.974658682180072e-08,1.1960694535244334,6.352921400964995e-05,10.126082424291194,0.0,1772.3476391838228,2119.8508722539145,31.116905424500523,32.642177783830135
RV Close-Close vs Flat BSM,-4.512864949774459,6.7675521278365195e-06,0.8876852050879304,0.0077626441113600115,-3.339065377034067,0.0008406077820217739,1772.3476391838228,1573.286777576001,31.116905424500523,29.42644267580341
